Админ;Анджей Ясинский
Алмазная реальность;Бурцев Виктор
Алмазные нервы;Бурцев Виктор
Алмазный век, или Букварь для благородных девиц;Стивенсон Нил
Алмазный дождь;Бурцев Виктор
Архив пустоты;Юлиана Лебединская
Атака Джокера;Курпатова-Ким Лилия
Баракудра нападает слева;Ярослав Кудлач
Беглец;Анджей Ясинский
Белый свет;Рюкер Руди
Бинарная плащаница;Андрей Фролов
Борьба против Жизни;Сотников Олег
Боятся ли компьютеры адского пламени?;Тюрин Александр Владимирович
Вавилонские сестры и другие постчеловеки;Ди Филиппо Пол
Вакуумные цветы;Суэнвик Майкл
Велосипедный Мастер;Стерлинг Брюс
Вирт;Нун Джефф
Виртуальный свет;Гибсон Уильям
Внеземной приемыш;Низа Ильд Евар
Возвращение Красной Шапочки;Тюрин Александр Владимирович
Врата испуганного бога;Антонов Сергей
Все вечеринки завтрашнего дня;Гибсон Уильям
Глубинные течения [Океан инволюции];Стерлинг Брюс
Горячий старт;Васильев Владимир Николаевич
Граф ноль;Гибсон Уильям
Грог и Миранда;Проскурин Вадим Геннадьевич
Далила-web;Борис Георгиев
Дверь в полдень;Проскурин Вадим Геннадьевич
Девочка, которую подключили;Типтри Джеймс
Дело чести, или Счастливый день на Марсе;Тюрин Александр Владимирович
Джонни-Мнемоник;Гибсон Уильям
Дзен-софт;Алексей Верт
Дип Даунтаун;Вадим Проскурин
Дип Даунтауна;Проскурин Вадим Геннадьевич
Диспетчер атаки;Шульга Станислав
Дом дервиша;Йен Макдональд
Жертвенные львы;Андрей Фролов
Живущий;Анна Старобинец
Заводной апельсин;Берджесс Энтони
Заложники пустоты;Виталий Абоян
Звездная сеть;Проскурин Вадим Геннадьевич
Звездный шлюз;Проскурин Вадим Геннадьевич
Зенитный угол;Стерлинг Брюс
Золотарь, или Просите, и дано будет…;Генри Лайон Олди
Игры над бездной;Александр Золотько
Идору;Гибсон Уильям
Измерение кинетического червя;Николаенко Андрей
Иллюзион;Макушкин Олег
Интерфейсом об тейбл;Бетке Брюс
Ипостась;Виталий Абоян
И пришел Город;Ширли Джон
Каменный век;Тюрин Александр Владимирович
Киберволки;Проскурин Вадим Геннадьевич
Киберозойская эра;Тюрин Александр Владимирович
Киберпанк;Бетке Брюс
Костры на алтарях;Панов Вадим Юрьевич
Кредит на милосердие;Андрей Фролов
Кремниевое небо;Шапошников Игорь
Криптономикон, часть 1;Стивенсон Нил
Криптономикон, часть 2;Стивенсон Нил
Кровь электрическая;Сиратори Кэндзи
Лабиринт отражений;Лукьяненко Сергей Васильевич
Лавина;Стивенсон Нил
Легионеры;Степан Вартанов
Машина различий;Гибсон Уильям
Медный гвоздь;Шульга Станислав
МЕТРО. Предыстория;Drew and Ishtar
Мокруха.exe;Рюкер Руди
Мона Лиза Овердрайв;Гибсон Уильям
Московский клуб;Панов Вадим Юрьевич
Нажмите "ВВОД";Варли Джон Герберт
Недетские игры;Бишоф Дэвид
Нейромантик;Гибсон Уильям
Нечеткое дробление;Ди Филиппо Пол
Ник. Админ;Анджей Ясинский
Ник. Стихийник;Анджей Ясинский
Ник. Юзер;Анджей Ясинский
Нимформация;Нун Джефф
Ночь всех мертвецов;Макдональд Йен
Отечественная война 2012 года, или Цветы техножизни;Тюрин Александр Владимирович
Падшие ангелы Мультиверсума;Алехин Леонид
Паутина;Шелли Мерси
Паучиная Роза;Стерлинг Брюс, Стерлинг Брюс
Побег из Эдена;Курпатова-Ким Лилия
Поводыри на распутье;Панов Вадим Юрьевич
Пока драконы спят;Александр Шакилов
Полигон безумной смерти;Мурич Виктор Борисович
Постмодернизм в фантастике: руководство пользователя;Суэнвик Майкл
Праздник Святой Дженис;Суэнвик Майкл
Програмерзость;Фостер Алан Дин
Программист;Сергей Фрумкин
Продавцы невозможного;Вадим Панов
Прозрачные витражи;Лукьяненко Сергей Васильевич
Профессионалы;Шакилов Александр
Путешествие через кратер;Баллард Джеймс Грэм
Путь Бойца;Тэлер Дэн
Путь прилива;Суэнвик Майкл
Пыльца;Нун Джефф
Рай Сатаны;Виктор Точинов
Распад;Стерлинг Брюс
Распознавание образов;Гибсон Уильям
Реал;Рюкер Руди
Революция. Next;Олег Никитин
Река Богов;Макдональд Йен
Рибофанк;Ди Филиппо Пол
Робинзоны;Степан Вартанов
Рой;Стерлинг Брюс, Стерлинг Брюс
Священный огонь;Стерлинг Брюс
Сердца и моторы;Васильев Владимир Николаевич
Синтетик;Сайфулла Мамаев
Соколиная охота;Виталий Абоян
Софтуха.exe;Рюкер Руди
Стальное сердце;Тюрин Александр Владимирович
Стимпанк;Ди Филиппо Пол
Страна призраков;Гибсон Уильям
Судьба Кощея в киберозойскую эру;Тюрин Александр Владимирович
Схизматрица;Стерлинг Брюс
Танцы с Виртуэллой;Тюрин Александр Владимирович
Террористы;Степан Вартанов
Техническая ошибка;Кларк Артур Чарльз
Топор гуманиста;Тюрин Александр Владимирович
То, что не должно происходить;Проскурин Вадим Геннадьевич
Убик;Дик Филип Кинред
Угорь;Александр Грач
Укус скорпиона;Юрий Самусь
Универсальная память;Газаров Артур Юрьевич
Ураган мысли;Проскурин Вадим Геннадьевич
Фальшивые зеркала;Лукьяненко Сергей Васильевич
Хакеры;Sanych
Хакеры Сновидений;Реутов Андрей
Хаосовершенство;Вадим Панов
Царица цикад;Стерлинг Брюс, Стерлинг Брюс
Цифровая Пропасть. Закрытые горизонты;Алексей Абвов
Цифровая пропасть. Затяжной прыжок;Алексей Абвов
Цифровая пропасть. Шаг первый;Алексей Абвов
Чай из пустой чашки;Кэдиган Пэт
Чужие миражи;Холмогоров Валентин
Эффект Икара;Джеймс Сваллоу
2048;Шелли Мерси
2-Герой-2;Антонов Сергей
Cryptonomicon;Стивенсон Нил
Diamond Age;Стивенсон Нил
Down and Out in the Magic Kingdom;Doctorow Cory
Eastern Standard Tribe;Doctorow Cory
Machinamenta Dei;Илья Некрасов
NET-1. Точка входа;Алехин Леонид
Neuromancer;Gibson William
Sanych. Хакеры;Александр Чубарьян
The Big U;Стивенсон Нил
Zeitgeist;Стерлинг Брюс
